Code,Party,Title,FileType,Language,Filename,Number,SubmissionDate,EncodedAbsUrl,OriginalFilename
AFG,Afghanistan,Afghanistan First NDC,NDC,English,AFG_Afghanistan_First_NDC_English.pdf,First,2016-11-23,http://www4.unfccc.int/ndcregistry/PublishedDocuments/Afghanistan%20First/INDC_AFG_20150927_FINAL.pdf,INDC_AFG_20150927_FINAL.pdf
ALB,Albania,Albania First NDC,NDC,English,ALB_Albania_First_NDC_English.pdf,First,2016-09-21,http://www4.unfccc.int/ndcregistry/PublishedDocuments/Albania%20First/Albania%20First.pdf,Albania First.pdf
DZA,Algeria,Algeria First NDC,NDC,French,DZA_Algeria_First_NDC_French.pdf,First,2016-10-20,http://www4.unfccc.int/ndcregistry/PublishedDocuments/Algeria%20First/Algérie%20-INDC-%2003%20septembre%202015.pdf,Algérie -INDC- 03 septembre 2015.pdf
DZA,Algeria,Algeria First NDC Translation,Translation,English,DZA_Algeria_First_NDC_Translation_English.pdf,First,2016-10-20,"http://www4.unfccc.int/ndcregistry/PublishedDocuments/Algeria%20First/Algeria%20-%20INDC%20(English%20unofficial%20translation)%20September%2003,2015.pdf","Algeria - INDC (English unofficial translation) September 03,2015.pdf"
AND,Andorra,Andorra First NDC,NDC,French,AND_Andorra_First_NDC_French.pdf,First,2017-03-24,http://www4.unfccc.int/ndcregistry/PublishedDocuments/Andorra%20First/Andorra%20INDC-CPDN.pdf,Andorra INDC-CPDN.pdf
ATG,Antigua and Barbuda,Antigua and Barbuda First NDC,NDC,English,ATG_Antigua-and-Barbuda_First_NDC_English.pdf,First,2016-09-21,http://www4.unfccc.int/ndcregistry/PublishedDocuments/Antigua%20and%20Barbuda%20First/Antigua%20and%20Barbuda%20First.pdf,Antigua and Barbuda First.pdf
ARG,Argentina,Argentina First NDC,NDC,Spanish,ARG_Argentina_First_NDC_Spanish.pdf,First,2016-11-17,http://www4.unfccc.int/ndcregistry/PublishedDocuments/Argentina%20First/17112016%20NDC%20Revisada%202016.pdf,17112016 NDC Revisada 2016.pdf
ARG,Argentina,Argentina First NDC,Translation,English,ARG_Argentina_First_NDC_Translation_English.pdf,First,2016-11-17,http://www4.unfccc.int/ndcregistry/PublishedDocuments/Argentina%20First/Traducción%20NDC_Argentina.pdf,Traducción NDC_Argentina.pdf
ARM,Armenia,Armenia First NDC,NDC,English,ARM_Armenia_First_NDC_English.pdf,First,2017-03-23,http://www4.unfccc.int/ndcregistry/PublishedDocuments/Armenia%20First/INDC-Armenia.pdf,INDC-Armenia.pdf
AUS,Australia,Australia First NDC,NDC,English,AUS_Australia_First_NDC_English.pdf,First,2016-11-09,http://www4.unfccc.int/ndcregistry/PublishedDocuments/Australia%20First/Australias%20Intended%20Nationally%20Determined%20Contribution%20to%20a%20new%20Climate%20Change%20Agreement%20-%20August%202015.pdf,Australias Intended Nationally Determined Contribution to a new Climate Change Agreement - August 2015.pdf
AUT,Austria,EU First NDC,NDC,English,EUU_European-Union_First_NDC_English.pdf,First,2016-10-05,http://www4.unfccc.int/ndcregistry/PublishedDocuments/Austria%20First/LV-03-06-EU%20INDC.pdf,LV-03-06-EU INDC.pdf
AZE,Azerbaijan,Azerbaijan First NDC,NDC,English,AZE_Azerbaijan_First_NDC_English.pdf,First,2017-01-09,http://www4.unfccc.int/ndcregistry/PublishedDocuments/Azerbaijan%20First/INDC%20Azerbaijan.pdf,INDC Azerbaijan.pdf
BHS,Bahamas,Bahamas First NDC,NDC,English,BHS_Bahamas_First_NDC_English.pdf,First,2016-10-31,http://www4.unfccc.int/ndcregistry/PublishedDocuments/Bahamas%20First/Bahamas_COP-22%20UNFCCC.pdf,Bahamas_COP-22 UNFCCC.pdf
BHR,Bahrain,Bahrain First NDC,NDC,English,BHR_Bahrain_First_NDC_English.pdf,First,2016-12-30,http://www4.unfccc.int/ndcregistry/PublishedDocuments/Bahrain%20First/INDC_Kingdom_of_Bahrain.pdf,INDC_Kingdom_of_Bahrain.pdf
BGD,Bangladesh,Bangladesh First NDC,NDC,English,BGD_Bangladesh_First_NDC_English.pdf,First,2016-09-21,http://www4.unfccc.int/ndcregistry/PublishedDocuments/Bangladesh%20First/INDC_2015_of_Bangladesh.pdf,INDC_2015_of_Bangladesh.pdf
BRB,Barbados,Barbados First NDC,NDC,English,BRB_Barbados_First_NDC_English.pdf,First,2016-04-22,"http://www4.unfccc.int/ndcregistry/PublishedDocuments/Barbados%20First/Barbados%20INDC%20FINAL%20September%20%2028,%202015.pdf","Barbados INDC FINAL September  28, 2015.pdf"
BLR,Belarus,Belarus First ,NDC,Russian,BLR_Belarus_First_NDC_Russian.pdf,First,2016-09-21,http://www4.unfccc.int/ndcregistry/PublishedDocuments/Belarus%20First/Belarus_INDC_Rus_25.09.2015.pdf,Belarus_INDC_Rus_25.09.2015.pdf
BLR,Belarus,Belarus First ,Translation,English,BLR_Belarus_First_NDC_Translation_English.pdf,First,2016-09-21,http://www4.unfccc.int/ndcregistry/PublishedDocuments/Belarus%20First/Belarus_INDC_Eng_25.09.2015.pdf,Belarus_INDC_Eng_25.09.2015.pdf
BEL,Belgium,EU First NDC,NDC,English,EUU_European-Union_First_NDC_English.pdf,First,2017-04-06,http://www4.unfccc.int/ndcregistry/PublishedDocuments/Belgium%20First/LV-03-06-EU%20INDC.pdf,LV-03-06-EU INDC.pdf
BLZ,Belize,Belize First NDC ,NDC,English,BLZ_Belize_First_NDC_English.pdf,First,2016-04-20,http://www4.unfccc.int/ndcregistry/PublishedDocuments/Belize%20First/BELIZE%27s%20%20NDC.pdf,BELIZE's  NDC.pdf
BEN,Benin,Benin First NDC,NDC,French,BEN_Benin_First_NDC_French.pdf,First,2017-10-11,http://www4.unfccc.int/ndcregistry/PublishedDocuments/Benin%20First/CDN_BENIN_VERSION%20FINALE.pdf,CDN_BENIN_VERSION FINALE.pdf
BTN,Bhutan,Bhutan First NDC,NDC,English,BTN_Bhutan_First_NDC_English.pdf,First,2017-09-19,http://www4.unfccc.int/ndcregistry/PublishedDocuments/Bhutan%20First/Bhutan-INDC-20150930.pdf,Bhutan-INDC-20150930.pdf
BOL,Bolivia (Plurinational State of),Bolivia First NDC,NDC,Spanish,BOL_Bolivia-Plurinational-State-of_First_NDC_Spanish.pdf,First,2016-10-05,http://www4.unfccc.int/ndcregistry/PublishedDocuments/Bolivia%20(Plurinational%20State%20of)%20First/ESTADO%20PLURINACIONAL%20DE%20BOLIVIA1.pdf,ESTADO PLURINACIONAL DE BOLIVIA1.pdf
BOL,Bolivia (Plurinational State of),Bolivia First NDC,Translation,English,BOL_Bolivia-Plurinational-State-of_First_NDC_Translation_English.pdf,First,2016-10-05,http://www4.unfccc.int/ndcregistry/PublishedDocuments/Bolivia%20(Plurinational%20State%20of)%20First/INDC-Bolivia-english.pdf,INDC-Bolivia-english.pdf
BIH,Bosnia and Herzegovina,Bosnia and Herzegovina First NDC,NDC,English,BIH_Bosnia-and-Herzegovina_First_NDC_English.pdf,First,2017-03-16,http://www4.unfccc.int/ndcregistry/PublishedDocuments/Bosnia%20and%20Herzegovina%20First/INDC%20Bosnia%20and%20Herzegovina.pdf,INDC Bosnia and Herzegovina.pdf
BWA,Botswana,Botswana First NDC,NDC,English,BWA_Botswana_First_NDC_English.pdf,First,2016-11-11,http://www4.unfccc.int/ndcregistry/PublishedDocuments/Botswana%20First/BOTSWANA.pdf,BOTSWANA.pdf
BRA,Brazil,Brazil First NDC,NDC,English,BRA_Brazil_First_NDC_English.pdf,First,2016-09-21,http://www4.unfccc.int/ndcregistry/PublishedDocuments/Brazil%20First/BRAZIL%20iNDC%20english%20FINAL.pdf,BRAZIL iNDC english FINAL.pdf
BGR,Bulgaria,EU First NDC,NDC,English,EUU_European-Union_First_NDC_English.pdf,First,2016-11-29,http://www4.unfccc.int/ndcregistry/PublishedDocuments/Bulgaria%20First/LV-03-06-EU%20INDC.pdf,LV-03-06-EU INDC.pdf
BFA,Burkina Faso,Burkina Faso First NDC,NDC,French,BFA_Burkina-Faso_First_NDC_French.pdf,First,2016-11-11,http://www4.unfccc.int/ndcregistry/PublishedDocuments/Burkina%20Faso%20First/INDC%20BURKINA%20FASO%20280915.pdf,INDC BURKINA FASO 280915.pdf
BFA,Burkina Faso,Burkina Faso First NDC,Translation,English,BFA_Burkina-Faso_First_NDC_Translation_English.pdf,First,2016-11-11,http://www4.unfccc.int/ndcregistry/PublishedDocuments/Burkina%20Faso%20First/INDC%20Burkina_ENG.%20version_finale.pdf,INDC Burkina_ENG. version_finale.pdf
BDI,Burundi,Burundi First NDC,NDC,French,BDI_Burundi_First_NDC_French.pdf,First,2018-01-17,http://www4.unfccc.int/ndcregistry/PublishedDocuments/Burundi%20First/CPDN%20BURUNDI.pdf,CPDN BURUNDI.pdf
BDI,Burundi,Burundi First NDC,Translation,English,BDI_Burundi_First_NDC_Translation_English.pdf,First,2018-01-17,http://www4.unfccc.int/ndcregistry/PublishedDocuments/Burundi%20First/Burundi_INDC-english%20version.pdf,Burundi_INDC-english version.pdf
CPV,Cabo Verde,Cabo Verde First NDC,NDC,English,CPV_Cabo-Verde_First_NDC_English.pdf,First,2017-09-21,http://www4.unfccc.int/ndcregistry/PublishedDocuments/Cabo%20Verde%20First/Cabo_Verde_INDC_.pdf,Cabo_Verde_INDC_.pdf
KHM,Cambodia,Cambodia First NDC,NDC,English,KHM_Cambodia_First_NDC_English.pdf,First,2017-02-06,http://www4.unfccc.int/ndcregistry/PublishedDocuments/Cambodia%20First/Cambodia%27s%20INDC%20to%20the%20UNFCCC.pdf,Cambodia's INDC to the UNFCCC.pdf
CMR,Cameroon,Official letter,Addendum,French,CMR_Cameroon_First_NDC_Addendum_French.pdf,First,2016-07-29,http://www4.unfccc.int/ndcregistry/PublishedDocuments/Cameroon%20First/Lettre%20officielle%20CPDN%20Cameroun.pdf,Lettre officielle CPDN Cameroun.pdf
CMR,Cameroon,Cameroon First NDC,NDC,French,CMR_Cameroon_First_NDC_French.pdf,First,2016-07-29,http://www4.unfccc.int/ndcregistry/PublishedDocuments/Cameroon%20First/CPDN%20CMR%20Final.pdf,CPDN CMR Final.pdf
CAN,Canada,Canada First NDC  (Archived),Archived,French,CAN_Canada_First_NDC_Archived_French.pdf,First,2016-10-05,http://www4.unfccc.int/ndcregistry/PublishedDocuments/Canada%20First/CPDN%20-%20Canada%20-%20Français.pdf,CPDN - Canada - Français.pdf
CAN,Canada,Canada First NDC  (Archived),Archived,English,CAN_Canada_First_NDC_Archived_English.pdf,First,2016-10-05,http://www4.unfccc.int/ndcregistry/PublishedDocuments/Canada%20First/INDC%20-%20Canada%20-%20English.pdf,INDC - Canada - English.pdf
CAN,Canada,Canada First NDC  (Revised submission),NDC,French,CAN_Canada_First_NDC_Revised_French.pdf,First,2017-05-11,http://www4.unfccc.int/ndcregistry/PublishedDocuments/Canada%20First/Première%20CDN%20du%20Canada%20-%20Soumission%20révisée%202017-05-11.pdf,Première CDN du Canada - Soumission révisée 2017-05-11.pdf
CAN,Canada,Canada First NDC  (Revised submission),NDC,English,CAN_Canada_First_NDC_Revised_English.pdf,First,2017-05-11,http://www4.unfccc.int/ndcregistry/PublishedDocuments/Canada%20First/Canada%20First%20NDC-Revised%20submission%202017-05-11.pdf,Canada First NDC-Revised submission 2017-05-11.pdf
CAF,Central African Republic,Central African Republic First NDC,NDC,French,CAF_Central-African-Republic_First_NDC_French.pdf,First,2016-10-11,http://www4.unfccc.int/ndcregistry/PublishedDocuments/Central%20African%20Republic%20First/CPDN_République%20Centrafricaine.pdf,CPDN_République Centrafricaine.pdf
CAF,Central African Republic,Central African Republic First NDC,Translation,English,CAF_Central-African-Republic_First_NDC_Translation_English.pdf,First,2016-10-11,http://www4.unfccc.int/ndcregistry/PublishedDocuments/Central%20African%20Republic%20First/INDC_République%20Centrafricaine_EN.pdf,INDC_République Centrafricaine_EN.pdf
TCD,Chad,Chad First NDC,NDC,French,TCD_Chad_First_NDC_French.pdf,First,2017-01-12,http://www4.unfccc.int/ndcregistry/PublishedDocuments/Chad%20First/CPDN%20TCHAD%20Version%20officielle%2028%20sept%202015.pdf,CPDN TCHAD Version officielle 28 sept 2015.pdf
TCD,Chad,Chad First NDC,Translation,English,TCD_Chad_First_NDC_Translation_English.pdf,First,2017-01-12,http://www4.unfccc.int/ndcregistry/PublishedDocuments/Chad%20First/INDC%20Chad_Official%20version_English.pdf,INDC Chad_Official version_English.pdf
CHL,Chile,Chile First NDC,NDC,Spanish,CHL_Chile_First_NDC_Spanish.pdf,First,2017-02-10,http://www4.unfccc.int/ndcregistry/PublishedDocuments/Chile%20First/Chile%20INDC%20FINAL.pdf,Chile INDC FINAL.pdf
CHL,Chile,Chile First NDC,Translation,English,CHL_Chile_First_NDC_Translation_English.pdf,First,2017-02-10,http://www4.unfccc.int/ndcregistry/PublishedDocuments/Chile%20First/INDC%20Chile%20english%20version.pdf,INDC Chile english version.pdf
CHN,China,China First NDC,NDC,English,CHN_China_First_NDC_English.pdf,First,2016-09-03,http://www4.unfccc.int/ndcregistry/PublishedDocuments/China%20First/China%27s%20First%20NDC%20Submission.pdf,China's First NDC Submission.pdf
COM,Comoros,Comoros First NDC,NDC,French,COM_Comoros_First_NDC_French.pdf,First,2016-11-23,http://www4.unfccc.int/ndcregistry/PublishedDocuments/Comoros%20First/INDC_Comores_Version_Francaise.pdf,INDC_Comores_Version_Francaise.pdf
COG,Congo,Congo First NDC,NDC,French,COG_Congo_First_NDC_French.pdf,First,2017-04-21,http://www4.unfccc.int/ndcregistry/PublishedDocuments/Congo%20First/NDC_Congo_RAPPORT.pdf,NDC_Congo_RAPPORT.pdf
COK,Cook Islands,Cook Islands First NDC,NDC,English,COK_Cook-Islands_First_NDC_English.pdf,First,2016-09-01,http://www4.unfccc.int/ndcregistry/PublishedDocuments/Cook%20Islands%20First/Cook%20Islands%20INDCsFINAL7Nov.pdf,Cook Islands INDCsFINAL7Nov.pdf
CRI,Costa Rica,Costa Rica First NDC,NDC,Spanish,CRI_Costa-Rica_First_NDC_Spanish.pdf,First,2016-10-13,http://www4.unfccc.int/ndcregistry/PublishedDocuments/Costa%20Rica%20First/INDC%20Costa%20Rica%20Version%202%200%20final%20ES.pdf,INDC Costa Rica Version 2 0 final ES.pdf
CRI,Costa Rica,Costa Rica First NDC-English Translation ,Translation,English,CRI_Costa-Rica_First_NDC_Translation_English.pdf,First,2016-10-13,http://www4.unfccc.int/ndcregistry/PublishedDocuments/Costa%20Rica%20First/INDC%20Costa%20Rica%20Version%202%200%20final%20ENG.pdf,INDC Costa Rica Version 2 0 final ENG.pdf
HRV,Croatia,EU First NDC,NDC,English,EUU_European-Union_First_NDC_English.pdf,First,2017-05-24,http://www4.unfccc.int/ndcregistry/PublishedDocuments/Croatia%20First/LV-03-06-EU%20INDC.pdf,LV-03-06-EU INDC.pdf
CUB,Cuba,Cuba First NDC ,NDC,Spanish,CUB_Cuba_First_NDC_Spanish.pdf,First,2016-12-30,http://www4.unfccc.int/ndcregistry/PublishedDocuments/Cuba%20First/Republic%20of%20Cuba-NDCs-Nov2015.pdf,Republic of Cuba-NDCs-Nov2015.pdf
CYP,Cyprus,EU First NDC,NDC,English,EUU_European-Union_First_NDC_English.pdf,First,2017-01-04,http://www4.unfccc.int/ndcregistry/PublishedDocuments/Cyprus%20First/LV-03-06-EU%20NDC.pdf,LV-03-06-EU NDC.pdf
CZE,Czech Republic,Czech Republic First NDC,NDC,English,EUU_European-Union_First_NDC_English.pdf,First,2017-10-05,http://www4.unfccc.int/ndcregistry/PublishedDocuments/Czech%20Republic%20First/LV-03-06-EU%20INDC.pdf,LV-03-06-EU INDC.pdf
CIV,Côte d'Ivoire,Côte d'Ivoire First NDC,NDC,French,CIV_Cote-d-Ivoire_First_NDC_French.pdf,First,2016-10-25,http://www4.unfccc.int/ndcregistry/PublishedDocuments/Côte%20d%27Ivoire%20First/INDC_CI_22092015.pdf,INDC_CI_22092015.pdf
PRK,Democratic People's Republic of Korea,Democratic People's Republic of Korea First NDC,NDC,English,PRK_Democratic-People-s-Republic-of-Korea_First_NDC_English.pdf,First,2016-10-03,http://www4.unfccc.int/ndcregistry/PublishedDocuments/Democratic%20People%27s%20Republic%20of%20Korea%20First/DPRK-INDC%20by%202030.pdf,DPRK-INDC by 2030.pdf
COD,Democratic Republic of the Congo,Democratic Republic of the Congo First NDC,NDC,French,COD_Democratic-Republic-of-the-Congo_First_NDC_French.pdf,First,2017-12-13,http://www4.unfccc.int/ndcregistry/PublishedDocuments/Democratic%20Republic%20of%20the%20Congo%20First/CPDN%20-%20Rép%20Dém%20du%20Congo.pdf,CPDN - Rép Dém du Congo.pdf
DNK,Denmark,EU First NDC,NDC,English,EUU_European-Union_First_NDC_English.pdf,First,2016-11-01,http://www4.unfccc.int/ndcregistry/PublishedDocuments/Denmark%20First/LV-03-06-EU%20INDC.pdf,LV-03-06-EU INDC.pdf
DJI,Djibouti,Djibouti First NDC,NDC,French,DJI_Djibouti_First_NDC_French.pdf,First,2016-11-11,http://www4.unfccc.int/ndcregistry/PublishedDocuments/Djibouti%20First/CPDN%20Djibouti_9%20-%20CPDN%20-%20Format%20pour%20soumission%20CCNUCC.pdf,CPDN Djibouti_9 - CPDN - Format pour soumission CCNUCC.pdf
DJI,Djibouti,Djibouti First NDC,Translation,English,DJI_Djibouti_First_NDC_Translation_English.pdf,First,2016-11-11,http://www4.unfccc.int/ndcregistry/PublishedDocuments/Djibouti%20First/INDC-Djibouti_ENG.pdf,INDC-Djibouti_ENG.pdf
DMA,Dominica,Dominica First NDC,NDC,English,DMA_Dominica_First_NDC_English.pdf,First,2016-09-21,http://www4.unfccc.int/ndcregistry/PublishedDocuments/Dominica%20First/Commonwealth%20of%20Dominica-%20Intended%20Nationally%20Determined%20Contributions%20(INDC).pdf,Commonwealth of Dominica- Intended Nationally Determined Contributions (INDC).pdf
DOM,Dominican Republic,Dominican Republic First NDC,NDC,Spanish,DOM_Dominican-Republic_First_NDC_Spanish.pdf,First,2017-09-21,http://www4.unfccc.int/ndcregistry/PublishedDocuments/Dominican%20Republic%20First/INDC-RD%20Agosto%202015%20(español).pdf,INDC-RD Agosto 2015 (español).pdf
DOM,Dominican Republic,Dominican Republic First NDC,Translation,English,DOM_Dominican-Republic_First_NDC_Translation_English.pdf,First,2017-09-21,http://www4.unfccc.int/ndcregistry/PublishedDocuments/Dominican%20Republic%20First/INDC-DR%20August%202015%20(unofficial%20translation).pdf,INDC-DR August 2015 (unofficial translation).pdf
EGY,Egypt,Egypt First NDC,NDC,English,EGY_Egypt_First_NDC_English.pdf,First,2017-06-29,http://www4.unfccc.int/ndcregistry/PublishedDocuments/Egypt%20First/Egyptian%20INDC.pdf,Egyptian INDC.pdf
SLV,El Salvador,El Salvador First NDC,Archived,Spanish,SLV_El-Salvador_First_Archived_Spanish.pdf,First,2017-03-27,http://www4.unfccc.int/ndcregistry/PublishedDocuments/El%20Salvador%20First/EL%20SALVADOR-INTENDED%20NATIONALLY%20DETERMINED%20CONTRIBUTION.pdf,EL SALVADOR-INTENDED NATIONALLY DETERMINED CONTRIBUTION.pdf
SLV,El Salvador,El Salvador Revised First NDC ,NDC,Spanish,SLV_El-Salvador_First_NDC_Revised_Spanish.pdf,First,2017-10-30,http://www4.unfccc.int/ndcregistry/PublishedDocuments/El%20Salvador%20First/EL%20SALVADOR-INTENDED%20NATIONALLY%20DETERMINED%20CONTRIBUTION%20B.pdf,EL SALVADOR-INTENDED NATIONALLY DETERMINED CONTRIBUTION B.pdf
EST,Estonia,EU First NDC,NDC,English,EUU_European-Union_First_NDC_English.pdf,First,2016-11-04,http://www4.unfccc.int/ndcregistry/PublishedDocuments/Estonia%20First/LV-03-06-EU%20INDC.pdf,LV-03-06-EU INDC.pdf
ETH,Ethiopia,Ethiopia First NDC,NDC,English,ETH_Ethiopia_First_NDC_English.pdf,First,2017-03-09,http://www4.unfccc.int/ndcregistry/PublishedDocuments/Ethiopia%20First/INDC-Ethiopia-100615.pdf,INDC-Ethiopia-100615.pdf
EUU,European Union,European Union First NDC,NDC,English,EUU_European-Union_First_NDC_English.pdf,First,2016-10-05,http://www4.unfccc.int/ndcregistry/PublishedDocuments/European%20Union%20First/LV-03-06-EU%20INDC.pdf,LV-03-06-EU INDC.pdf
FJI,Fiji,Fiji First NDC,NDC,English,FJI_Fiji_First_NDC_English.pdf,First,2016-04-22,http://www4.unfccc.int/ndcregistry/PublishedDocuments/Fiji%20First/FIJI_iNDC_Final_051115.pdf,FIJI_iNDC_Final_051115.pdf
FIN,Finland,EU First NDC ,NDC,English,EUU_European-Union_First_NDC_English.pdf,First,2016-11-14,http://www4.unfccc.int/ndcregistry/PublishedDocuments/Finland%20First/LV-03-06-EU%20INDC.pdf,LV-03-06-EU INDC.pdf
FRA,France,French First NDC (Complement),NDC,French,FRA_France_First_NDC_French.pdf,First,2016-10-05,http://www4.unfccc.int/ndcregistry/PublishedDocuments/France%20First/CDN%20France%20PTOM%20-%205%20octobre%202016.pdf,CDN France PTOM - 5 octobre 2016.pdf
FRA,France,EU First NDC,NDC,English,EUU_European-Union_First_NDC_English.pdf,First,2016-10-05,http://www4.unfccc.int/ndcregistry/PublishedDocuments/France%20First/LV-03-06-EU%20INDC.pdf,LV-03-06-EU INDC.pdf
GAB,Gabon,Gabon First NDC,NDC,French,GAB_Gabon_First_NDC_French.pdf,First,2016-11-02,http://www4.unfccc.int/ndcregistry/PublishedDocuments/Gabon%20First/20150331%20INDC%20Gabon.pdf,20150331 INDC Gabon.pdf
GMB,Gambia,Gambia First NDC,NDC,English,GMB_Gambia_First_NDC_English.pdf,First,2016-11-07,http://www4.unfccc.int/ndcregistry/PublishedDocuments/Gambia%20First/The%20INDC%20OF%20THE%20GAMBIA.pdf,The INDC OF THE GAMBIA.pdf
GEO,Georgia,Georgia First NDC,NDC,English,GEO_Georgia_First_NDC_English.pdf,First,2017-05-08,http://www4.unfccc.int/ndcregistry/PublishedDocuments/Georgia%20First/INDC_of_Georgia.pdf,INDC_of_Georgia.pdf
DEU,Germany,EU First NDC,NDC,English,EUU_European-Union_First_NDC_English.pdf,First,2016-10-05,http://www4.unfccc.int/ndcregistry/PublishedDocuments/Germany%20First/LV-03-06-EU%20INDC.pdf,LV-03-06-EU INDC.pdf
GHA,Ghana,Ghana First,NDC,English,GHA_Ghana_First_NDC_English.pdf,First,2016-09-21,http://www4.unfccc.int/ndcregistry/PublishedDocuments/Ghana%20First/GH_INDC_2392015.pdf,GH_INDC_2392015.pdf
GRC,Greece,EU First NDC,NDC,English,EUU_European-Union_First_NDC_English.pdf,First,2016-10-14,http://www4.unfccc.int/ndcregistry/PublishedDocuments/Greece%20First/LV-03-06-EU%20INDC.pdf,LV-03-06-EU INDC.pdf
GRD,Grenada,Grenada First NDC,NDC,English,GRD_Grenada_First_NDC_English.pdf,First,2016-04-22,http://www4.unfccc.int/ndcregistry/PublishedDocuments/Grenada%20First/Grenada%20INDC.pdf,Grenada INDC.pdf
GTM,Guatemala,Guatemala First NDC,NDC,Spanish,GTM_Guatemala_First_NDC_Spanish.pdf,First,2017-01-25,http://www4.unfccc.int/ndcregistry/PublishedDocuments/Guatemala%20First/Gobierno%20de%20Guatemala%20INDC-UNFCCC%20Sept%202015.pdf,Gobierno de Guatemala INDC-UNFCCC Sept 2015.pdf
GIN,Guinea,Guinea First NDC,NDC,French,GIN_Guinea_First_NDC_French.pdf,First,2016-09-21,http://www4.unfccc.int/ndcregistry/PublishedDocuments/Guinea%20First/INDC_Guinee_version%20finale.pdf,INDC_Guinee_version finale.pdf
GIN,Guinea,Guinea First NDC,Translation,English,GIN_Guinea_First_NDC_Translation_English.pdf,First,2016-09-21,http://www4.unfccc.int/ndcregistry/PublishedDocuments/Guinea%20First/INDC_Guinea_english_version%20UNFCCC.pdf,INDC_Guinea_english_version UNFCCC.pdf
GUY,Guyana,Guyana First NDC,NDC,English,GUY_Guyana_First_NDC_English.pdf,First,2016-05-20,http://www4.unfccc.int/ndcregistry/PublishedDocuments/Guyana%20First/Guyana%27s%20revised%20NDC%20-%20Final.pdf,Guyana's revised NDC - Final.pdf
HTI,Haiti,Haiti First NDC,NDC,French,HTI_Haiti_First_NDC_French.pdf,First,2017-07-31,http://www4.unfccc.int/ndcregistry/PublishedDocuments/Haiti%20First/CPDN_Republique%20d%27Haiti.pdf,CPDN_Republique d'Haiti.pdf
HND,Honduras,Honduras First NDC,NDC,Spanish,HND_Honduras_First_NDC_Spanish.pdf,First,2016-09-21,http://www4.unfccc.int/ndcregistry/PublishedDocuments/Honduras%20First/Honduras%20INDC_esp.pdf,Honduras INDC_esp.pdf
HUN,Hungary,EU first NDC,NDC,English,EUU_European-Union_First_NDC_English.pdf,First,2016-10-05,http://www4.unfccc.int/ndcregistry/PublishedDocuments/Hungary%20First/LV-03-06-EU%20INDC.pdf,LV-03-06-EU INDC.pdf
ISL,Iceland,Iceland NDC First,NDC,English,ISL_Iceland_First_NDC_English.pdf,First,2016-09-21,http://www4.unfccc.int/ndcregistry/PublishedDocuments/Iceland%20First/INDC-ICELAND.pdf,INDC-ICELAND.pdf
IND,India,India First NDC,NDC,English,IND_India_First_NDC_English.pdf,First,2016-10-02,http://www4.unfccc.int/ndcregistry/PublishedDocuments/India%20First/INDIA%20INDC%20TO%20UNFCCC.pdf,INDIA INDC TO UNFCCC.pdf
IDN,Indonesia,Indonesia First NDC ,NDC,English,IDN_Indonesia_First_NDC_English.pdf,First,2016-11-06,http://www4.unfccc.int/ndcregistry/PublishedDocuments/Indonesia%20First/First%20NDC%20Indonesia_submitted%20to%20UNFCCC%20Set_November%20%202016.pdf,First NDC Indonesia_submitted to UNFCCC Set_November  2016.pdf
IRL,Ireland,EU First NDC,NDC,English,EUU_European-Union_First_NDC_English.pdf,First,2016-11-04,http://www4.unfccc.int/ndcregistry/PublishedDocuments/Ireland%20First/LV-03-06-EU%20INDC.pdf,LV-03-06-EU INDC.pdf
ISR,Israel,Israel First NDC,NDC,English,ISR_Israel_First_NDC_English.pdf,First,2016-11-22,http://www4.unfccc.int/ndcregistry/PublishedDocuments/Israel%20First/Israel%20INDC.pdf,Israel INDC.pdf
ITA,Italy,EU First NDC,NDC,English,EUU_European-Union_First_NDC_English.pdf,First,2016-11-11,http://www4.unfccc.int/ndcregistry/PublishedDocuments/Italy%20First/LV-03-06-EU%20INDC.pdf,LV-03-06-EU INDC.pdf
JAM,Jamaica,Jamaica First NDC,NDC,English,JAM_Jamaica_First_NDC_English.pdf,First,2017-04-10,http://www4.unfccc.int/ndcregistry/PublishedDocuments/Jamaica%20First/Jamaica%27s%20INDC_2015-11-25.pdf,Jamaica's INDC_2015-11-25.pdf
JPN,Japan,Japan First NDC,NDC,English,JPN_Japan_First_NDC_English.pdf,First,2016-11-08,http://www4.unfccc.int/ndcregistry/PublishedDocuments/Japan%20First/20150717_Japan%27s%20INDC.pdf,20150717_Japan's INDC.pdf
JOR,Jordan,Jordan First NDC,NDC,English,JOR_Jordan_First_NDC_English.pdf,First,2016-11-04,http://www4.unfccc.int/ndcregistry/PublishedDocuments/Jordan%20First/Jordan%20INDCs%20Final.pdf,Jordan INDCs Final.pdf
KAZ,Kazakhstan,Kazakhstan First NDC,NDC,English,KAZ_Kazakhstan_First_NDC_English.pdf,First,2016-12-06,http://www4.unfccc.int/ndcregistry/PublishedDocuments/Kazakhstan%20First/INDC%20Kz_eng.pdf,INDC Kz_eng.pdf
KEN,Kenya,Kenya First NDC,NDC,English,KEN_Kenya_First_NDC_English.pdf,First,2016-12-28,http://www4.unfccc.int/ndcregistry/PublishedDocuments/Kenya%20First/Kenya_NDC_20150723.pdf,Kenya_NDC_20150723.pdf
KIR,Kiribati,Kiribati First NDC,NDC,English,KIR_Kiribati_First_NDC_English.pdf,First,2016-09-21,http://www4.unfccc.int/ndcregistry/PublishedDocuments/Kiribati%20First/INDC_KIRIBATI.pdf,INDC_KIRIBATI.pdf
LAO,Lao People's Democratic Republic,Lao PDR First NDC,NDC,English,LAO_Lao-People-s-Democratic-Republic_First_NDC_English.pdf,First,2016-09-07,http://www4.unfccc.int/ndcregistry/PublishedDocuments/Lao%20People%27s%20Democratic%20Republic%20First/Lao%20PDR%20First%20NDC.pdf,Lao PDR First NDC.pdf
LVA,Latvia,EU First NDC,NDC,English,EUU_European-Union_First_NDC_English.pdf,First,2017-03-16,http://www4.unfccc.int/ndcregistry/PublishedDocuments/Latvia%20First/LV-03-06-EU%20INDC.pdf,LV-03-06-EU INDC.pdf
LSO,Lesotho,Lesotho First NDC,NDC,English,LSO_Lesotho_First_NDC_English.pdf,First,2017-01-20,http://www4.unfccc.int/ndcregistry/PublishedDocuments/Lesotho%20First/Lesotho%27s%20INDC%20Report%20%20-%20September%202015.pdf,Lesotho's INDC Report  - September 2015.pdf
LIE,Liechtenstein,Liechtenstein First NDC,NDC,English,LIE_Liechtenstein_First_NDC_English.pdf,First,2017-09-20,http://www4.unfccc.int/ndcregistry/PublishedDocuments/Liechtenstein%20First/150422_INDC_FL.pdf,150422_INDC_FL.pdf
LTU,Lithuania,EU First NDC,NDC,English,EUU_European-Union_First_NDC_English.pdf,First,2017-02-02,http://www4.unfccc.int/ndcregistry/PublishedDocuments/Lithuania%20First/LV-03-06-EU%20INDC.pdf,LV-03-06-EU INDC.pdf
LUX,Luxembourg,EU First NDC,NDC,English,EUU_European-Union_First_NDC_English.pdf,First,2016-11-04,http://www4.unfccc.int/ndcregistry/PublishedDocuments/Luxembourg%20First/LV-03-06-EU%20INDC.pdf,LV-03-06-EU INDC.pdf
MDG,Madagascar,Madagascar First NDC,NDC,French,MDG_Madagascar_First_NDC_French.pdf,First,2016-09-21,http://www4.unfccc.int/ndcregistry/PublishedDocuments/Madagascar%20First/Madagascar%20INDC.pdf,Madagascar INDC.pdf
MDG,Madagascar,Madagascar First NDC,Translation,English,MDG_Madagascar_First_NDC_Translation_English.pdf,First,2016-09-21,http://www4.unfccc.int/ndcregistry/PublishedDocuments/Madagascar%20First/Madagascar%20INDC%20Eng.pdf,Madagascar INDC Eng.pdf
MWI,Malawi,Malawi First NDC,NDC,English,MWI_Malawi_First_NDC_English.pdf,First,2017-06-29,http://www4.unfccc.int/ndcregistry/PublishedDocuments/Malawi%20First/MALAWI%20INDC%20SUBMITTED%20TO%20UNFCCC%20REV.pdf,MALAWI INDC SUBMITTED TO UNFCCC REV.pdf
MYS,Malaysia,Malaysia First NDC,NDC,English,MYS_Malaysia_First_NDC_English.pdf,First,2016-11-16,http://www4.unfccc.int/ndcregistry/PublishedDocuments/Malaysia%20First/INDC%20Malaysia%20Final%2027%20November%202015%20Revised%20Final%20UNFCCC.pdf,INDC Malaysia Final 27 November 2015 Revised Final UNFCCC.pdf
MDV,Maldives,Maldives First NDC,NDC,English,MDV_Maldives_First_NDC_English.pdf,First,2016-04-22,http://www4.unfccc.int/ndcregistry/PublishedDocuments/Maldives%20First/Maldives%20INDC.pdf,Maldives INDC.pdf
MLI,Mali,Mali First NDC,NDC,French,MLI_Mali_First_NDC_French.pdf,First,2016-09-23,http://www4.unfccc.int/ndcregistry/PublishedDocuments/Mali%20First/Mali_revised%20NDC.pdf,Mali_revised NDC.pdf
MLT,Malta,EU First NDC,NDC,English,EUU_European-Union_First_NDC_English.pdf,First,2016-10-05,http://www4.unfccc.int/ndcregistry/PublishedDocuments/Malta%20First/LV-03-06-EU%20INDC.pdf,LV-03-06-EU INDC.pdf
MHL,Marshall Islands,Marshall Islands First NDC,NDC,English,MHL_Marshall-Islands_First_NDC_English.pdf,First,2016-04-22,http://www4.unfccc.int/ndcregistry/PublishedDocuments/Marshall%20Islands%20First/150721%20RMI%20INDC%20JULY%202015%20FINAL%20SUBMITTED.pdf,150721 RMI INDC JULY 2015 FINAL SUBMITTED.pdf
MRT,Mauritania,Mauritania First NDC,NDC,French,MRT_Mauritania_First_NDC_French.pdf,First,2017-02-27,http://www4.unfccc.int/ndcregistry/PublishedDocuments/Mauretania%20First/INDC%20MAURITANIA.pdf,INDC MAURITANIA.pdf
MUS,Mauritius,Mauritius First NDC,NDC,English,MUS_Mauritius_First_NDC_English.pdf,First,2016-04-22,http://www4.unfccc.int/ndcregistry/PublishedDocuments/Mauritius%20First/Final%20INDC%20for%20Mauritius%2028%20Sept%202015.pdf,Final INDC for Mauritius 28 Sept 2015.pdf
MEX,Mexico,Mexico First NDC,NDC,English,MEX_Mexico_First_NDC_English.pdf,First,2016-09-21,http://www4.unfccc.int/ndcregistry/PublishedDocuments/Mexico%20First/MEXICO%20INDC%2003.30.2015.pdf,MEXICO INDC 03.30.2015.pdf
FSM,Micronesia,Micronesia First NDC,NDC,English,FSM_Micronesia_First_NDC_English.pdf,First,2016-09-15,http://www4.unfccc.int/ndcregistry/PublishedDocuments/Micronesia%20First/Micronesia%20First%20NDC.pdf,Micronesia First NDC.pdf
MCO,Monaco,Monaco First NDC,NDC,French,MCO_Monaco_First_NDC_French.pdf,First,2016-10-26,http://www4.unfccc.int/ndcregistry/PublishedDocuments/Monaco%20First/Contribution%20nationale%20Monaco.pdf,Contribution nationale Monaco.pdf
MCO,Monaco,Monaco First NDC,NDC,English,MCO_Monaco_First_NDC_English.pdf,First,2016-10-26,http://www4.unfccc.int/ndcregistry/PublishedDocuments/Monaco%20First/Monaco_INDC.pdf,Monaco_INDC.pdf
MNG,Mongolia,Mongolia First NDC,NDC,English,MNG_Mongolia_First_NDC_English.pdf,First,2016-09-21,http://www4.unfccc.int/ndcregistry/PublishedDocuments/Mongolia%20First/150924_INDCs%20of%20Mongolia.pdf,150924_INDCs of Mongolia.pdf
MNE,Montenegro,Montenegro First NDC,NDC,English,MNE_Montenegro_First_NDC_English.pdf,First,2017-12-21,http://www4.unfccc.int/ndcregistry/PublishedDocuments/Montenegro%20First/INDCSubmission_%20Montenegro.pdf,INDCSubmission_ Montenegro.pdf
MAR,Morocco,Morocco First NDC,NDC,French,MAR_Morocco_First_NDC_French.pdf,First,2016-09-19,http://www4.unfccc.int/ndcregistry/PublishedDocuments/Morocco%20First/Morocco%20First%20NDC.pdf,Morocco First NDC.pdf
MAR,Morocco,Morocco First NDC-English,Translation,English,MAR_Morocco_First_NDC_Translation_English.pdf,First,2016-09-19,http://www4.unfccc.int/ndcregistry/PublishedDocuments/Morocco%20First/Morocco%20First%20NDC-English.pdf,Morocco First NDC-English.pdf
MMR,Myanmar,Myanmar First NDC,NDC,English,MMR_Myanmar_First_NDC_English.pdf,First,2017-09-19,http://www4.unfccc.int/ndcregistry/PublishedDocuments/Myanmar%20First/Myanmar%27s%20INDC.pdf,Myanmar's INDC.pdf
NAM,Namibia,Namibia First NDC,NDC,English,NAM_Namibia_First_NDC_English.pdf,First,2016-09-21,http://www4.unfccc.int/ndcregistry/PublishedDocuments/Namibia%20First/INDC%20of%20Namibia%20Final%20pdf.pdf,INDC of Namibia Final pdf.pdf
NRU,Nauru,Nauru_NDC letter,Addendum,English,NRU_Nauru_First_NDC_Addendum_English.pdf,First,2016-04-07,http://www4.unfccc.int/ndcregistry/PublishedDocuments/Nauru%20First/Nauru_NDC%20letter.pdf,Nauru_NDC letter.pdf
NRU,Nauru,Nauru First NDC,NDC,English,NRU_Nauru_First_NDC_English.pdf,First,2016-04-07,http://www4.unfccc.int/ndcregistry/PublishedDocuments/Nauru%20First/Nauru_NDC.pdf,Nauru_NDC.pdf
NPL,Nepal,Nepal First NDC,NDC,English,NPL_Nepal_First_NDC_English.pdf,First,2016-10-05,http://www4.unfccc.int/ndcregistry/PublishedDocuments/Nepal%20First/Nepal%20First%20NDC.pdf,Nepal First NDC.pdf
NLD,Netherlands,EU First NDC,NDC,English,EUU_European-Union_First_NDC_English.pdf,First,2017-07-28,http://www4.unfccc.int/ndcregistry/PublishedDocuments/Netherlands%20First/LV-03-06-EU%20INDC.pdf,LV-03-06-EU INDC.pdf
NZL,New Zealand,New Zealand First NDC,NDC,English,NZL_New-Zealand_First_NDC_English.pdf,First,2016-10-05,http://www4.unfccc.int/ndcregistry/PublishedDocuments/New%20Zealand%20First/New%20Zealand%20first%20NDC.pdf,New Zealand first NDC.pdf
NER,Niger,Niger First NDC,NDC,French,NER_Niger_First_NDC_French.pdf,First,2016-09-21,http://www4.unfccc.int/ndcregistry/PublishedDocuments/Niger%20First/Niger-INDC-versionfinale.pdf,Niger-INDC-versionfinale.pdf
NER,Niger,Niger First NDC,Translation,English,NER_Niger_First_NDC_Translation_English.pdf,First,2016-09-21,http://www4.unfccc.int/ndcregistry/PublishedDocuments/Niger%20First/Niger-INDC-final_Eng.pdf,Niger-INDC-final_Eng.pdf
NGA,Nigeria,Executive Summary_Nigerian INDC,Addendum,English,NGA_Nigeria_First_NDC_Addendum_English.pdf,First,2017-05-16,http://www4.unfccc.int/ndcregistry/PublishedDocuments/Nigeria%20First/Executive%20Summary_Nigerian%20INDC_271115.pdf,Executive Summary_Nigerian INDC_271115.pdf
NGA,Nigeria,NIgeria First NDC,NDC,English,NGA_Nigeria_First_NDC_English.pdf,First,2017-05-16,http://www4.unfccc.int/ndcregistry/PublishedDocuments/Nigeria%20First/Approved%20Nigeria%27s%20INDC_271115.pdf,Approved Nigeria's INDC_271115.pdf
NIU,Niue,Niue First NDC,NDC,English,NIU_Niue_First_NDC_English.pdf,First,2016-10-28,http://www4.unfccc.int/ndcregistry/PublishedDocuments/Niue%20First/Niue%20INDC%20Final.pdf,Niue INDC Final.pdf
NOR,Norway,Norway First NDC,NDC,English,NOR_Norway_First_NDC_English.pdf,First,2016-06-20,http://www4.unfccc.int/ndcregistry/PublishedDocuments/Norway%20First/NorwayINDC.pdf,NorwayINDC.pdf
PAK,Pakistan,Pakistan First NDC,NDC,English,PAK_Pakistan_First_NDC_English.pdf,First,2016-11-10,http://www4.unfccc.int/ndcregistry/PublishedDocuments/Pakistan%20First/Pak-INDC.pdf,Pak-INDC.pdf
PLW,Palau,Palau First NDC,NDC,English,PLW_Palau_First_NDC_English.pdf,First,2016-04-22,http://www4.unfccc.int/ndcregistry/PublishedDocuments/Palau%20First/Palau_INDC.Final%20Copy.pdf,Palau_INDC.Final Copy.pdf
PAN,Panama,Panama NDC Cover Letter,Addendum,Spanish,PAN_Panama_First_NDC_Addendum_Spanish.pdf,First,2016-04-18,http://www4.unfccc.int/ndcregistry/PublishedDocuments/Panama%20First/Panama%20NDC%20Cover%20Letter.pdf,Panama NDC Cover Letter.pdf
PAN,Panama,Panama First NDC,NDC,Spanish,PAN_Panama_First_NDC_Spanish.pdf,First,2016-04-18,http://www4.unfccc.int/ndcregistry/PublishedDocuments/Panama%20First/PANAMA%20NDC.pdf,PANAMA NDC.pdf
PNG,Papua New Guinea,PNG_NDC Satisfactory letter,Addendum,English,PNG_Papua-New-Guinea_First_NDC_Addendum_Satisfactory_Letter_English.pdf,First,2016-03-24,http://www4.unfccc.int/ndcregistry/PublishedDocuments/Papua%20New%20Guinea%20First/PNG_NDC%20Satisfactory%20letter.pdf,PNG_NDC Satisfactory letter.pdf
PNG,Papua New Guinea,Explanatory Note_Elements of Features and Information Contained in the CCMA 2015,Addendum,English,PNG_Papua-New-Guinea_First_NDC_Addendum_Explanatory_Note_English.pdf,First,2017-05-15,http://www4.unfccc.int/ndcregistry/PublishedDocuments/Papua%20New%20Guinea%20First/Explanatory%20Note_Elements%20of%20Features%20and%20Information%20Contained%20in%20the%20CCMA%202015.pdf,Explanatory Note_Elements of Features and Information Contained in the CCMA 2015.pdf
PNG,Papua New Guinea,Official UN PA Implementation Act 2016,Addendum,English,PNG_Papua-New-Guinea_First_NDC_Addendum_PA_Implementation_Act_English.pdf,First,2017-05-15,http://www4.unfccc.int/ndcregistry/PublishedDocuments/Papua%20New%20Guinea%20First/Official%20UN%20PA%20Implementation%20Act%202016.pdf,Official UN PA Implementation Act 2016.pdf
PNG,Papua New Guinea,PNG Climate Change Management Act 2015,Addendum,English,PNG_Papua-New-Guinea_First_NDC_Addendum_Climate_Change_Management_Act_English.pdf,First,2017-05-15,http://www4.unfccc.int/ndcregistry/PublishedDocuments/Papua%20New%20Guinea%20First/PNG%20Climate%20Change%20Management%20Act%202015.pdf,PNG Climate Change Management Act 2015.pdf
PNG,Papua New Guinea,PNG First NDC,NDC,English,PNG_Papua-New-Guinea_First_NDC_English.pdf,First,2016-03-24,http://www4.unfccc.int/ndcregistry/PublishedDocuments/Papua%20New%20Guinea%20First/PNG_INDC%20to%20the%20UNFCCC.pdf,PNG_INDC to the UNFCCC.pdf
PRY,Paraguay,Paraguay First NDC,NDC,Spanish,PRY_Paraguay_First_NDC_Spanish.pdf,First,2016-10-14,http://www4.unfccc.int/ndcregistry/PublishedDocuments/Paraguay%20First/Documento%20INDC%20Paraguay%2001-10-15.pdf,Documento INDC Paraguay 01-10-15.pdf
PER,Peru,Peru First NDC,NDC,Spanish,PER_Peru_First_NDC_Spanish.pdf,First,2016-07-25,http://www4.unfccc.int/ndcregistry/PublishedDocuments/Peru%20First/iNDC%20Perú%20castellano.pdf,iNDC Perú castellano.pdf
PER,Peru,Peru First NDC,Translation,English,PER_Peru_First_NDC_Translation_English.pdf,First,2016-07-25,http://www4.unfccc.int/ndcregistry/PublishedDocuments/Peru%20First/iNDC%20Perú%20english.pdf,iNDC Perú english.pdf
POL,Poland,EU First NDC,NDC,English,EUU_European-Union_First_NDC_English.pdf,First,2016-10-07,http://www4.unfccc.int/ndcregistry/PublishedDocuments/Poland%20First/LV-03-06-EU%20INDC.pdf,LV-03-06-EU INDC.pdf
PRT,Portugal,EU First NDC,NDC,English,EUU_European-Union_First_NDC_English.pdf,First,2016-10-05,http://www4.unfccc.int/ndcregistry/PublishedDocuments/Portugal%20First/LV-03-06-EU%20INDC.pdf,LV-03-06-EU INDC.pdf
QAT,Qatar,Qatar First NDC,NDC,Arabic,QAT_Qatar_First_NDC_Arabic.pdf,First,2017-06-23,http://www4.unfccc.int/ndcregistry/PublishedDocuments/Qatar%20First/Qatar%20INDCs%20Report%20-%20Arabic.pdf,Qatar INDCs Report - Arabic.pdf
QAT,Qatar,Qatar First NDC,Translation,English,QAT_Qatar_First_NDC_Translation_English.pdf,First,2017-06-23,http://www4.unfccc.int/ndcregistry/PublishedDocuments/Qatar%20First/Qatar%20INDCs%20Report%20-English.pdf,Qatar INDCs Report -English.pdf
KOR,Republic of Korea,Republic of Korea First NDC,NDC,English,KOR_Republic-of-Korea_First_NDC_English.pdf,First,2016-11-03,http://www4.unfccc.int/ndcregistry/PublishedDocuments/Republic%20of%20Korea%20First/INDC%20Submission%20by%20the%20Republic%20of%20Korea%20on%20June%2030.pdf,INDC Submission by the Republic of Korea on June 30.pdf
MDA,Republic of Moldova,Republic of Moldova First NDC,NDC,English,MDA_Republic-of-Moldova_First_NDC_English.pdf,First,2017-06-20,http://www4.unfccc.int/ndcregistry/PublishedDocuments/Republic%20of%20Moldova%20First/INDC_Republic_of_Moldova_25.09.2015.pdf,INDC_Republic_of_Moldova_25.09.2015.pdf
ROU,Romania,EU First NDC,NDC,English,EUU_European-Union_First_NDC_English.pdf,First,2017-06-01,http://www4.unfccc.int/ndcregistry/PublishedDocuments/Romania%20First/LV-03-06-EU%20INDC.pdf,LV-03-06-EU INDC.pdf
RWA,Rwanda,Rwanda First NDC,NDC,English,RWA_Rwanda_First_NDC_English.pdf,First,2016-10-06,http://www4.unfccc.int/ndcregistry/PublishedDocuments/Rwanda%20First/INDC_Rwanda_Nov.2015.pdf,INDC_Rwanda_Nov.2015.pdf
KNA,Saint Kitts and Nevis,St. Kitts and Nevis First NDC,NDC,English,KNA_Saint-Kitts-and-Nevis_First_NDC_English.pdf,First,2016-04-22,http://www4.unfccc.int/ndcregistry/PublishedDocuments/Saint%20Kitts%20and%20Nevis%20First/St.%20Kitts%20and%20Nevis%20INDC.pdf,St. Kitts and Nevis INDC.pdf
LCA,Saint Lucia,Saint Lucia First NDC,NDC,English,LCA_Saint-Lucia_First_NDC_English.pdf,First,2016-04-22,http://www4.unfccc.int/ndcregistry/PublishedDocuments/Saint%20Lucia%20First/Saint%20Lucia%27s%20INDC%2018th%20November%202015.pdf,Saint Lucia's INDC 18th November 2015.pdf
WSM,Samoa,Samoa First NDC,NDC,English,WSM_Samoa_First_NDC_English.pdf,First,2016-04-22,http://www4.unfccc.int/ndcregistry/PublishedDocuments/Samoa%20First/Samoa%20INDC_Submission%20to%20UNFCCC.pdf,Samoa INDC_Submission to UNFCCC.pdf
STP,Sao Tome and Principe,Sao Tome and Principe First NDC,NDC,English,STP_Sao-Tome-and-Principe_First_NDC_English.pdf,First,2016-11-02,http://www4.unfccc.int/ndcregistry/PublishedDocuments/Sao%20Tome%20and%20Principe%20First/STP_INDC%20_Ingles_30.09.pdf,STP_INDC _Ingles_30.09.pdf
SAU,Saudi Arabia,Saudi Arabia First NDC ,NDC,Arabic,SAU_Saudi-Arabia_First_NDC_Arabic.pdf,First,2016-11-03,http://www4.unfccc.int/ndcregistry/PublishedDocuments/Saudi%20Arabia%20First/KSA-INDCs%20Arabic.pdf,KSA-INDCs Arabic.pdf
SAU,Saudi Arabia,Saudi Arabia First NDC,Translation,English,SAU_Saudi-Arabia_First_NDC_Translation_English.pdf,First,2016-11-03,http://www4.unfccc.int/ndcregistry/PublishedDocuments/Saudi%20Arabia%20First/KSA-INDCs%20English.pdf,KSA-INDCs English.pdf
SRB,Serbia,Serbia First NDC,NDC,English,SRB_Serbia_First_NDC_English.pdf,First,2017-07-25,http://www4.unfccc.int/ndcregistry/PublishedDocuments/Serbia%20First/Republic_of_Serbia.pdf,Republic_of_Serbia.pdf
SYC,Seychelles,Seychelles First NDC,NDC,English,SYC_Seychelles_First_NDC_English.pdf,First,2016-04-29,http://www4.unfccc.int/ndcregistry/PublishedDocuments/Seychelles%20First/INDC%20of%20Seychelles.pdf,INDC of Seychelles.pdf
SLE,Sierra Leone,Sierra Leone First NDC,NDC,English,SLE_Sierra-Leone_First_NDC_English.pdf,First,2016-11-01,http://www4.unfccc.int/ndcregistry/PublishedDocuments/Sierra%20Leone%20First/SIERRA%20LEONE%20INDC.pdf,SIERRA LEONE INDC.pdf
SGP,Singapore,Singapore First NDC,NDC,English,SGP_Singapore_First_NDC_English.pdf,First,2016-09-21,http://www4.unfccc.int/ndcregistry/PublishedDocuments/Singapore%20First/Singapore%20INDC.pdf,Singapore INDC.pdf
SVK,Slovakia,EU First NDC,NDC,English,EUU_European-Union_First_NDC_English.pdf,First,2016-10-05,http://www4.unfccc.int/ndcregistry/PublishedDocuments/Slovakia%20First/LV-03-06-EU%20INDC.pdf,LV-03-06-EU INDC.pdf
SVN,Slovenia,EU First NDC,NDC,English,EUU_European-Union_First_NDC_English.pdf,First,2016-12-16,http://www4.unfccc.int/ndcregistry/PublishedDocuments/Slovenia%20First/LV-03-06-EU%20INDC.pdf,LV-03-06-EU INDC.pdf
SLB,Solomon Islands,Solomon Islands First NDC,NDC,English,SLB_Solomon-Islands_First_NDC_English.pdf,First,2016-09-21,http://www4.unfccc.int/ndcregistry/PublishedDocuments/Solomon%20Islands%20First/SOLOMON%20ISLANDS%20INDC.pdf,SOLOMON ISLANDS INDC.pdf
SOM,Somalia,Somalia First NDC,NDC,English,SOM_Somalia_First_NDC_English.pdf,First,2016-04-22,http://www4.unfccc.int/ndcregistry/PublishedDocuments/Somalia%20First/Somalia%27s%20INDCs.pdf,Somalia's INDCs.pdf
ZAF,South Africa,South Africa First NDC,NDC,English,ZAF_South-Africa_First_NDC_English.pdf,First,2016-11-01,http://www4.unfccc.int/ndcregistry/PublishedDocuments/South%20Africa%20First/South%20Africa.pdf,South Africa.pdf
ESP,Spain,EU First NDC,NDC,English,EUU_European-Union_First_NDC_English.pdf,First,2017-01-12,http://www4.unfccc.int/ndcregistry/PublishedDocuments/Spain%20First/LV-03-06-EU%20INDC.pdf,LV-03-06-EU INDC.pdf
LKA,Sri Lanka,Sri Lanka First NDC,NDC,English,LKA_Sri-Lanka_First_NDC_English.pdf,First,2016-11-06,http://www4.unfccc.int/ndcregistry/PublishedDocuments/Sri%20Lanka%20First/NDCs%20of%20Sri%20Lanka.pdf,NDCs of Sri Lanka.pdf
VCT,St Vincent and the Grenadines,Saint Vincent and the Grenadines First NDC,NDC,English,VCT_St-Vincent-and-the-Grenadines_First_NDC_English.pdf,First,2016-06-29,http://www4.unfccc.int/ndcregistry/PublishedDocuments/Saint%20Vincent%20and%20Grenadines%20First/Saint%20Vincent%20and%20the%20Grenadines_NDC.pdf,Saint Vincent and the Grenadines_NDC.pdf
PSE,State of Palestine,Cobenefits of State of Palestine's NDC,Addendum,English,PSE_State-of-Palestine_First_NDC_Addendum_Cobenefits_English.pdf,First,2017-08-28,http://www4.unfccc.int/ndcregistry/PublishedDocuments/State%20of%20Palestine%20First/NDC_State%20of%20Palestine_Cobenefits.pdf,NDC_State of Palestine_Cobenefits.pdf
PSE,State of Palestine,Implementation Road Map for State of Palestine's NDC,Addendum,English,PSE_State-of-Palestine_First_NDC_Addendum_Implementation_Road_Map_English.pdf,First,2017-08-28,http://www4.unfccc.int/ndcregistry/PublishedDocuments/State%20of%20Palestine%20First/NDC_State%20of%20Palestine_Implementation%20Road%20Map.pdf,NDC_State of Palestine_Implementation Road Map.pdf
PSE,State of Palestine,NDC Approval by Palestinian Council of Ministers,Addendum,Arabic,PSE_State-of-Palestine_First_NDC_Addendum_Approval_Arabic.pdf,First,2017-08-29,http://www4.unfccc.int/ndcregistry/PublishedDocuments/State%20of%20Palestine%20First/State%20of%20Palestine_Council%20of%20Ministers%20Decision-NDC_Approval.pdf,State of Palestine_Council of Ministers Decision-NDC_Approval.pdf
PSE,State of Palestine,,Addendum,Arabic,PSE_State-of-Palestine_First_NDC_Addendum_Summary_Policy_Makers_Arabic.pdf,First,2017-08-28,http://www4.unfccc.int/ndcregistry/PublishedDocuments/State%20of%20Palestine%20First/State%20of%20Palestine_NDC_SPM_Arabic.pdf,State of Palestine_NDC_SPM_Arabic.pdf
PSE,State of Palestine,,Addendum,English,PSE_State-of-Palestine_First_NDC_Addendum_Summary_Policy_Makers_English.pdf,First,2017-08-28,http://www4.unfccc.int/ndcregistry/PublishedDocuments/State%20of%20Palestine%20First/State%20of%20Palestine_NDC_SPM.pdf,State of Palestine_NDC_SPM.pdf
PSE,State of Palestine,,NDC,English,PSE_State-of-Palestine_First_NDC_English.pdf,First,2017-08-21,http://www4.unfccc.int/ndcregistry/PublishedDocuments/State%20of%20Palestine%20First/State%20of%20Palestine%20First%20NDC.pdf,State of Palestine First NDC.pdf
PSE,State of Palestine,NDC_State of Palestine_Arabic,Translation,Arabic,PSE_State-of-Palestine_First_NDC_Translation_Arabic.pdf,First,2017-08-28,http://www4.unfccc.int/ndcregistry/PublishedDocuments/State%20of%20Palestine%20First/NDC_State%20of%20Palestine_Arabic.pdf,NDC_State of Palestine_Arabic.pdf
SDN,Sudan,Sudan First NDC,NDC,English,SDN_Sudan_First_NDC_English.pdf,First,2017-08-02,http://www4.unfccc.int/ndcregistry/PublishedDocuments/Sudan%20First/28Oct15-Sudan%20INDC.pdf,28Oct15-Sudan INDC.pdf
SWZ,Swaziland,Swaziland First NDC,NDC,English,SWZ_Swaziland_First_NDC_English.pdf,First,2016-09-21,http://www4.unfccc.int/ndcregistry/PublishedDocuments/Swaziland%20First/Swaziland%27s%20INDC.pdf,Swaziland's INDC.pdf
SWE,Sweden,EU First NDC,NDC,English,SWE_Sweden_First_NDC_English.pdf,First,2016-10-13,http://www4.unfccc.int/ndcregistry/PublishedDocuments/Sweden%20First/EU%20First%20NDC.pdf,EU First NDC.pdf
CHE,Switzerland,Switzerland First NDC,NDC,English,CHE_Switzerland_First_NDC_English.pdf,First,2017-10-06,http://www4.unfccc.int/ndcregistry/PublishedDocuments/Switzerland%20First/15%2002%2027_INDC%20Contribution%20of%20Switzerland.pdf,15 02 27_INDC Contribution of Switzerland.pdf
TJK,Tajikistan,Tajikistan First NDC,NDC,Russian,TJK_Tajikistan_First_NDC_Russian.pdf,First,2017-03-22,http://www4.unfccc.int/ndcregistry/PublishedDocuments/Tajikistan%20First/INDC-TJK%20final%20RUS%2021%20сент.pdf,INDC-TJK final RUS 21 сент.pdf
TJK,Tajikistan,Tajikistan First NDC,Translation,English,TJK_Tajikistan_First_NDC_Translation_English.pdf,First,2017-03-22,http://www4.unfccc.int/ndcregistry/PublishedDocuments/Tajikistan%20First/INDC-TJK%20final%20ENG.pdf,INDC-TJK final ENG.pdf
THA,Thailand,Thailand First NDC,NDC,English,THA_Thailand_First_NDC_English.pdf,First,2016-09-21,http://www4.unfccc.int/ndcregistry/PublishedDocuments/Thailand%20First/Thailand_INDC.pdf,Thailand_INDC.pdf
MKD,The Former Yugoslav Republic of Macedonia,The Former Yugoslav Republic of Macedonia First NDC,NDC,English,MKD_The-Former-Yugoslav-Republic-of-Macedonia_First_NDC_English.pdf,First,2018-01-09,http://www4.unfccc.int/ndcregistry/PublishedDocuments/The%20Former%20Yugoslav%20Republic%20of%20Macedonia%20First/Submission_Republic_of_Macedonia_20150805144001_135181.pdf,Submission_Republic_of_Macedonia_20150805144001_135181.pdf
TLS,Timor-Leste,,NDC,English,TLS_Timor-Leste_First_NDC_English.pdf,First,2017-08-16,http://www4.unfccc.int/ndcregistry/PublishedDocuments/Timor-Leste%20First/Timor-Leste%20First%20NDC.pdf,Timor-Leste First NDC.pdf
TGO,Togo,Togo First NDC,NDC,French,TGO_Togo_First_NDC_French.pdf,First,2017-06-28,http://www4.unfccc.int/ndcregistry/PublishedDocuments/Togo%20First/CPDN%20_TOGO.pdf,CPDN _TOGO.pdf
TGO,Togo,Togo First NDC,Translation,English,TGO_Togo_First_NDC_Translation_English.pdf,First,2017-06-28,http://www4.unfccc.int/ndcregistry/PublishedDocuments/Togo%20First/INDC%20Togo_english%20version.pdf,INDC Togo_english version.pdf
TON,Tonga,Tonga First NDC,NDC,English,TON_Tonga_First_NDC_English.pdf,First,2016-09-21,http://www4.unfccc.int/ndcregistry/PublishedDocuments/Tonga%20First/Tonga%20INDC.pdf,Tonga INDC.pdf
TUN,Tunisia,Tunisia First NDC,NDC,French,TUN_Tunisia_First_NDC_French.pdf,First,2017-02-10,http://www4.unfccc.int/ndcregistry/PublishedDocuments/Tunisia%20First/INDC%20Tunisie%20VF%205%20aout%20Valid.pdf,INDC Tunisie VF 5 aout Valid.pdf
TUN,Tunisia,Tunisia First NDC,Translation,English,TUN_Tunisia_First_NDC_Translation_English.pdf,First,2017-02-10,http://www4.unfccc.int/ndcregistry/PublishedDocuments/Tunisia%20First/INDC-Tunisia-English%20Version.pdf,INDC-Tunisia-English Version.pdf
TKM,Turkmenistan,Turkmenistan First NDC,NDC,English,TKM_Turkmenistan_First_NDC_English.pdf,First,2016-10-21,http://www4.unfccc.int/ndcregistry/PublishedDocuments/Turkmenistan%20First/INDC_Turkmenistan.pdf,INDC_Turkmenistan.pdf
TUV,Tuvalu,Tuvalu First NDC,NDC,English,TUV_Tuvalu_First_NDC_English.pdf,First,2016-04-22,http://www4.unfccc.int/ndcregistry/PublishedDocuments/Tuvalu%20First/TUVALU%20INDC.pdf,TUVALU INDC.pdf
UGA,Uganda,Uganda First NDC,NDC,English,UGA_Uganda_First_NDC_English.pdf,First,2016-09-21,http://www4.unfccc.int/ndcregistry/PublishedDocuments/Uganda%20First/INDC%20Uganda%20final%20%2014%20October%20%202015.pdf,INDC Uganda final  14 October  2015.pdf
UKR,Ukraine,Ukraine First NDC,NDC,English,UKR_Ukraine_First_NDC_English.pdf,First,2016-09-19,http://www4.unfccc.int/ndcregistry/PublishedDocuments/Ukraine%20First/Ukraine%20First%20NDC.pdf,Ukraine First NDC.pdf
ARE,United Arab Emirates,United Arab Emirates First,NDC,English,ARE_United-Arab-Emirates_First_NDC_English.pdf,First,2016-09-21,http://www4.unfccc.int/ndcregistry/PublishedDocuments/United%20Arab%20Emirates%20First/UAE%20INDC%20-%2022%20October.pdf,UAE INDC - 22 October.pdf
GBR,United Kingdom of Great Britain and Northern Ireland,EU First NDC,NDC,English,EUU_European-Union_First_NDC_English.pdf,First,2016-11-18,http://www4.unfccc.int/ndcregistry/PublishedDocuments/United%20Kingdom%20of%20Great%20Britain%20and%20Northern%20Ireland%20First/LV-03-06-EU%20INDC.pdf,LV-03-06-EU INDC.pdf
USA,United States of America,USA First NDC,NDC,English,USA_United-States-of-America_First_NDC_English.pdf,First,2016-09-03,http://www4.unfccc.int/ndcregistry/PublishedDocuments/United%20States%20of%20America%20First/U.S.A.%20First%20NDC%20Submission.pdf,U.S.A. First NDC Submission.pdf
URY,Uruguay,URUGUAY FIRST NDC ,NDC,Spanish,URY_Uruguay_First_NDC_Spanish.pdf,First,2017-11-10,http://www4.unfccc.int/ndcregistry/PublishedDocuments/Uruguay%20First/Uruguay_Primera%20Contribución%20Determinada%20a%20nivel%20Nacional.pdf,Uruguay_Primera Contribución Determinada a nivel Nacional.pdf
URY,Uruguay,Uruguay First NDC,Translation,English,URY_Uruguay_First_NDC_Translation_English.pdf,First,2017-11-14,http://www4.unfccc.int/ndcregistry/PublishedDocuments/Uruguay%20First/Uruguay_First%20Nationally%20Determined%20Contribution.pdf,Uruguay_First Nationally Determined Contribution.pdf
VUT,Vanuatu,Vanuatu First NDC,NDC,English,VUT_Vanuatu_First_NDC_English.pdf,First,2016-09-21,http://www4.unfccc.int/ndcregistry/PublishedDocuments/Vanuatu%20First/VANUATU%20%20INDC%20UNFCCC%20Submission.pdf,VANUATU  INDC UNFCCC Submission.pdf
VNM,Viet Nam,Viet Nam First NDC,NDC,English,VNM_Viet-Nam_First_NDC_English.pdf,First,2016-11-03,http://www4.unfccc.int/ndcregistry/PublishedDocuments/Viet%20Nam%20First/VIETNAM%27S%20INDC.pdf,VIETNAM'S INDC.pdf
ZMB,Zambia,Zambia First NDC,NDC,English,ZMB_Zambia_First_NDC_English.pdf,First,2016-12-09,http://www4.unfccc.int/ndcregistry/PublishedDocuments/Zambia%20First/FINAL+ZAMBIA%27S+INDC_1.pdf,FINAL+ZAMBIA'S+INDC_1.pdf
ZWE,Zimbabwe,,NDC,English,ZWE_Zimbabwe_First_NDC_English.pdf,First,2017-08-07,http://www4.unfccc.int/ndcregistry/PublishedDocuments/Zimbabwe%20First/Zimbabwe%20First%20NDC.pdf,Zimbabwe First NDC.pdf
